;임무 번호,"타입(0=일일, 1=스페셜, 2=명예, 3=주간 / 10=PC방일일, 11=PC방스페, 12=PC명예, 13=PC방 주간)","NPC 식별자(1=이블린, 2=펠릭스, 3=더글라스 제이콥, 4=빅토르, 5=짐, 6=첸, 7=로웬 )",임무 제목,임무 제목 인수,NPC 내레이션,NPC 내레이션 인수,선행 임무,임무 시작 시각,임무 종료 시각,"Arguments(XML형식, 서버에서 사용)","Variables(XML형식, 서버에서 사용)",조건0 설명,조건0 인수,조건0 목표치,조건1 설명,조건1 인수,조건1 목표치,조건2 설명,조건2 인수,조건2 목표치,조건3 설명,조건3 인수,조건3 목표치,조건4 설명,조건4 인수,조건4 목표치,조건5 설명,조건5 인수,조건5 목표치,조건6 설명,조건6 인수,조건6 목표치,조건7 설명,조건7 인수,조건7 목표치,조건8 설명,조건8 인수,조건8 목표치,조건9 설명,조건9 인수,조건9 목표치,조건10 설명,조건10 인수,조건10 목표치,조건11 설명,조건11 인수,조건11 목표치,"보상0 리소스 네임(0=4001, 1=4002, 2=4003, 3=4004, 4=4005~4010, 5=4011, 6=4012, 7=4013, 8=4014, 9=4015, 10=4016, 11=4017, 12=4018)",보상0 연결 reward ID,보상1 리소스 네임,보상1 연결 Reward ID,보상2 리소스 네임,보상2 연결 Reward ID,보상3 리소스 네임,보상3 연결 Reward ID,Title ID,"HonorQuestType(1=시나리오, 2=펀, 3=좀비, 4=킬러X, 5=클랜, 6=작업병, 7=기록병)",조건지급식 여부(1=조건지급)
1,0,1,#CSO_Quest_Daily001_Name,,#CSO_Quest_Daily001_Desc,,0,,,<args><memberLimit value='4' testvalue='1'/></args>,,#CSO_Quest_Daily001_Cond1,,3,,,,,,,,,,,,,,,,,,,,,,,,,,,,,,,,,,0,4001,2,4003,,,,,,,
2,0,5,#CSO_Quest_Daily002_Name,,#CSO_Quest_Daily002_Desc,,0,,,<args><memberLimit value='4' testvalue='1'/></args>,,#CSO_Quest_Daily002_Cond1,,5,,,,,,,,,,,,,,,,,,,,,,,,,,,,,,,,,,0,4001,2,4003,,,,,,,
3,0,4,#CSO_Quest_Daily003_Name,,#CSO_Quest_Daily003_Desc,,0,,,<args><memberLimit value='4' testvalue='1'/></args>,<vars><val init='0' /></vars>,#CSO_Quest_Daily003_Cond1_Arg1,,1,,,,,,,,,,,,,,,,,,,,,,,,,,,,,,,,,,0,4001,2,4003,,,,,,,
4,0,2,#CSO_Quest_Daily004_Name,,#CSO_Quest_Daily004_Desc,,0,,,<args><memberLimit value='4' testvalue='1'/></args>,,#CSO_Quest_Daily004_Cond1,,3,,,,,,,,,,,,,,,,,,,,,,,,,,,,,,,,,,0,4001,2,4003,,,,,,,
7,0,4,#CSO_Quest_Daily007_Name,,#CSO_Quest_Daily007_Desc,,0,,,<args><memberLimit value='4' testvalue='1'/></args>,,#CSO_Quest_Daily007_Cond1,,1,,,,,,,,,,,,,,,,,,,,,,,,,,,,,,,,,,0,4001,2,4003,,,,,,,
8,0,5,#CSO_Quest_Daily008_Name,,#CSO_Quest_Daily008_Desc,,0,,,<args><memberLimit value='4' testvalue='1'/></args>,<vars><knife init='0' /><pistol init='0' /></vars>,#CSO_Quest_Daily008_Cond1,,1,,,,,,,,,,,,,,,,,,,,,,,,,,,,,,,,,,0,4001,2,4003,,,,,,,
9,0,4,#CSO_Quest_Daily009_Name,,#CSO_Quest_Daily009_Desc,,0,,,<args><memberLimit value='4' testvalue='1'/></args>,<vars><val init='0' /></vars>,#CSO_Quest_Daily009_Cond1_Arg1,,1,,,,,,,,,,,,,,,,,,,,,,,,,,,,,,,,,,0,4001,2,4003,,,,,,,
10,0,0,#CSO_Quest_Daily010_Name,,#CSO_Quest_Daily010_Desc,,0,,,<args><memberLimit value='4' testvalue='1'/></args>,<vars><flag init='0' /></vars>,#CSO_Quest_Daily010_Cond1,,3,,,,,,,,,,,,,,,,,,,,,,,,,,,,,,,,,,0,4001,2,4003,,,,,,,
12,0,3,#CSO_Quest_Daily012_Name,,#CSO_Quest_Daily012_Desc,,0,,,<args><memberLimit value='4' testvalue='1'/></args>,,#CSO_Quest_Daily012_Cond1,,1,,,,,,,,,,,,,,,,,,,,,,,,,,,,,,,,,,0,4001,2,4003,,,,,,,
13,0,5,#CSO_Quest_Daily013_Name,,#CSO_Quest_Daily013_Desc,,0,,,<args><memberLimit value='4' testvalue='1'/></args>,,#CSO_Quest_Daily013_Cond1,,5,,,,,,,,,,,,,,,,,,,,,,,,,,,,,,,,,,0,4001,2,4003,,,,,,,
16,0,2,#CSO_Quest_Daily016_Name,,#CSO_Quest_Daily016_Desc,,0,,,<args><memberLimit value='4' testvalue='1'/></args>,,#CSO_Quest_Daily016_Cond1,,5,,,,,,,,,,,,,,,,,,,,,,,,,,,,,,,,,,0,4001,2,4003,,,,,,,
18,0,4,#CSO_Quest_Daily018_Name,,#CSO_Quest_Daily018_Desc,,0,,,<args><memberLimit value='4' testvalue='1'/></args>,,#CSO_Quest_Daily018_Cond1,,5,,,,,,,,,,,,,,,,,,,,,,,,,,,,,,,,,,0,4001,2,4003,,,,,,,
20,0,2,#CSO_Quest_Daily020_Name,,#CSO_Quest_Daily020_Desc,,0,,,<args><memberLimit value='4' testvalue='1'/></args>,,#CSO_Quest_Daily020_Cond1,,3,#CSO_Quest_Daily020_Cond2,,3,#CSO_Quest_Daily020_Cond3,,3,,,,,,,,,,,,,,,,,,,,,,,,,,,,0,4001,2,4003,,,,,,,
26,0,0,#CSO_Quest_Daily026_Name,,#CSO_Quest_Daily026_Desc,,0,,,<args><memberLimit value='2' testvalue='1'/></args>,,#CSO_Quest_Daily026_Cond1,,1,,,,,,,,,,,,,,,,,,,,,,,,,,,,,,,,,,0,4001,2,4003,,,,,,,
27,0,7,#CSO_Quest_Daily027_Name,,#CSO_Quest_Daily027_Desc,,0,,,<args><memberLimit value='2' testvalue='1'/></args>,,#CSO_Quest_Daily027_Cond1,,1,,,,,,,,,,,,,,,,,,,,,,,,,,,,,,,,,,0,4001,2,4003,,,,,,,
28,0,0,#CSO_Quest_Daily028_Name,,#CSO_Quest_Daily028_Desc,,0,,,<args><memberLimit value='4' testvalue='1'/></args>,,#CSO_Quest_Daily028_Cond1,,5,,,,,,,,,,,,,,,,,,,,,,,,,,,,,,,,,,0,4001,2,4003,,,,,,,
29,0,8,#CSO_Quest_Daily029_Name,,#CSO_Quest_Daily029_Desc,,0,,,<args><memberLimit value='4' testvalue='1'/></args>,,#CSO_Quest_Daily029_Cond1,,10,,,,,,,,,,,,,,,,,,,,,,,,,,,,,,,,,,0,4001,2,4003,,,,,,,
30,0,2,#CSO_Quest_Daily030_Name,,#CSO_Quest_Daily030_Desc,,0,,,<args><memberLimit value='4' testvalue='1'/></args>,,#CSO_Quest_Daily030_Cond1,,10,,,,,,,,,,,,,,,,,,,,,,,,,,,,,,,,,,0,4001,2,4003,,,,,,,
31,0,8,#CSO_Quest_Daily031_Name,,#CSO_Quest_Daily031_Desc,,0,,,<args><memberLimit value='4' testvalue='1'/></args>,,#CSO_Quest_Daily031_Cond1,,3,,,,,,,,,,,,,,,,,,,,,,,,,,,,,,,,,,0,4001,2,4003,,,,,,,
503,3,7,#CSO_Quest_Weekly003_Name,,#CSO_Quest_Weekly003_Desc,,0,,,<args><clanMemberLimit value='4' testvalue='1'/></args>,<vars><dt_sec /></vars>,#CSO_Quest_Weekly003_Cond1,,5,,,,,,,,,,,,,,,,,,,,,,,,,,,,,,,,,,9,4015,10,4016,,,,,,,
504,3,7,#CSO_Quest_Weekly004_Name,,#CSO_Quest_Weekly004_Desc,,0,,,<args><clanMemberLimit value='4' testvalue='1'/></args>,<vars><dt_sec /></vars>,#CSO_Quest_Weekly004_Cond1,,5,,,,,,,,,,,,,,,,,,,,,,,,,,,,,,,,,,9,4015,10,4016,,,,,,,
601,13,7,#CSO_Quest_PC_Weekly001_Name,,#CSO_Quest_PC_Weekly001_Desc,,0,,,<args><memberLimit value='1' testvalue='1'/></args>,<vars><dt init='0' /></vars>,#CSO_Quest_PC_Weekly001_Cond1,,5,,,,,,,,,,,,,,,,,,,,,,,,,,,,,,,,,,11,4017,12,4018,,,,,,,
602,13,7,#CSO_Quest_PC_Weekly002_Name,,#CSO_Quest_PC_Weekly002_Desc,,0,,,<args><memberLimit value='1' testvalue='1'/></args>,<vars><num init='0' /></vars>,#CSO_Quest_PC_Weekly002_Cond1,,5,,,,,,,,,,,,,,,,,,,,,,,,,,,,,,,,,,11,4017,12,4018,,,,,,,
901,10,1,#CSO_Quest_PC_Daily001_Name,,#CSO_Quest_PC_Daily001_Desc,,,,,<args><memberLimit value='1' testvalue='1'/></args>,,#CSO_Quest_PC_Daily001_Cond1,,50,,,,,,,,,,,,,,,,,,,,,,,,,,,,,,,,,,5,4011,7,4013,,,,,,,
902,10,1,#CSO_Quest_PC_Daily002_Name,,#CSO_Quest_PC_Daily002_Desc,,,,,<args><memberLimit value='1' testvalue='1'/></args>,,#CSO_Quest_PC_Daily002_Cond1,,150,,,,,,,,,,,,,,,,,,,,,,,,,,,,,,,,,,5,4011,7,4013,,,,,,,
903,10,1,#CSO_Quest_PC_Daily003_Name,,#CSO_Quest_PC_Daily003_Desc,,,,,<args><memberLimit value='1' testvalue='1'/></args>,,#CSO_Quest_PC_Daily003_Cond1,,300,,,,,,,,,,,,,,,,,,,,,,,,,,,,,,,,,,5,4011,7,4013,,,,,,,
1001,1,4,#CSO_Quest_Special001_Name_Arg1,<mapName>,#CSO_Quest_Special001_Desc_Arg1,<mapName>,0,,,<args><memberLimit value='4' testvalue='1'/></args>,<vars><map/><mode/></vars>,#CSO_Quest_Special001_Cond1_Arg1,<mapName>,15,,,,,,,,,,,,,,,,,,,,,,,,,,,,,,,,,,1,4002,3,4004,,,,,,,
1002,1,2,#CSO_Quest_Special002_Name_Arg1,<mapName>,#CSO_Quest_Special002_Desc_Arg1,<mapName>,0,,,<args><memberLimit value='4' testvalue='1'/></args>,<vars><map/><mode/></vars>,#CSO_Quest_Special002_Cond1_Arg1,<mapName>,60,,,,,,,,,,,,,,,,,,,,,,,,,,,,,,,,,,1,4002,3,4004,,,,,,,
1003,1,2,#CSO_Quest_Special003_Name_Arg1,<mapName>,#CSO_Quest_Special003_Desc_Arg1,<mapName>,0,,,<args><memberLimit value='4' testvalue='1'/></args>,<vars><map/><mode/></vars>,#CSO_Quest_Special003_Cond1_Arg1,<mapName>,45,,,,,,,,,,,,,,,,,,,,,,,,,,,,,,,,,,1,4002,3,4004,,,,,,,
1004,1,4,#CSO_Quest_Special004_Name_Arg1,<mapName>,#CSO_Quest_Special004_Desc_Arg1,<mapName>,0,,,<args><memberLimit value='1' testvalue='1'/></args>,<vars><map/><mode/></vars>,#CSO_Quest_Special004_Cond1_Arg1,<mapName>,50,,,,,,,,,,,,,,,,,,,,,,,,,,,,,,,,,,1,4002,3,4004,,,,,,,
1005,1,2,#CSO_Quest_Special005_Name_Arg1,<mapName>,#CSO_Quest_Special005_Desc_Arg1,<mapName>,0,,,<args><memberLimit value='1' testvalue='1'/></args>,<vars><map/><mode/></vars>,#CSO_Quest_Special005_Cond1_Arg1,<mapName>,120,,,,,,,,,,,,,,,,,,,,,,,,,,,,,,,,,,1,4002,3,4004,,,,,,,
1006,1,2,#CSO_Quest_Special006_Name_Arg1,<mapName>,#CSO_Quest_Special006_Desc_Arg1,<mapName>,0,,,<args><memberLimit value='1' testvalue='1'/></args>,<vars><map/><mode/></vars>,#CSO_Quest_Special006_Cond1_Arg1,<mapName>,80,,,,,,,,,,,,,,,,,,,,,,,,,,,,,,,,,,1,4002,3,4004,,,,,,,
1007,1,0,#CSO_Quest_Special007_Name_Arg1,<mapName>,#CSO_Quest_Special007_Desc_Arg1,<mapName>,0,,,<args><memberLimit value='4' testvalue='1'/></args>,<vars><map/><mode/></vars>,#CSO_Quest_Special007_Cond1_Arg1,<mapName>,10,,,,,,,,,,,,,,,,,,,,,,,,,,,,,,,,,,1,4002,3,4004,,,,,,,
1008,1,0,#CSO_Quest_Special008_Name_Arg1,<mapName>,#CSO_Quest_Special008_Desc_Arg1,<mapName>,0,,,<args><memberLimit value='4' testvalue='1'/></args>,<vars><map/><mode/></vars>,#CSO_Quest_Special008_Cond1_Arg1,<mapName>,10,,,,,,,,,,,,,,,,,,,,,,,,,,,,,,,,,,1,4002,3,4004,,,,,,,
1009,1,0,#CSO_Quest_Special009_Name_Arg1,<mapName>,#CSO_Quest_Special009_Desc_Arg1,<mapName>,0,,,<args><memberLimit value='4' testvalue='1'/></args>,<vars><map/><mode/></vars>,#CSO_Quest_Special009_Cond1_Arg1,<mapName>,10,,,,,,,,,,,,,,,,,,,,,,,,,,,,,,,,,,1,4002,3,4004,,,,,,,
1010,1,3,#CSO_Quest_Special010_Name_Arg1,<mapName>,#CSO_Quest_Special010_Desc_Arg1,<mapName>,0,,,<args><memberLimit value='4' testvalue='1'/></args>,<vars><map/><mode/></vars>,#CSO_Quest_Special010_Cond1_Arg1,<mapName>,50,,,,,,,,,,,,,,,,,,,,,,,,,,,,,,,,,,1,4002,3,4004,,,,,,,
1011,1,3,#CSO_Quest_Special011_Name_Arg1,<mapName>,#CSO_Quest_Special011_Desc_Arg1,<mapName>,0,,,<args><memberLimit value='4' testvalue='1'/></args>,<vars><map/><mode/></vars>,#CSO_Quest_Special011_Cond1_Arg1,<mapName>,30,,,,,,,,,,,,,,,,,,,,,,,,,,,,,,,,,,1,4002,3,4004,,,,,,,
1012,1,2,#CSO_Quest_Special012_Name_Arg1,<mapName>,#CSO_Quest_Special012_Desc_Arg1,<mapName>,0,,,<args><memberLimit value='4' testvalue='1'/></args>,<vars><map/><mode/></vars>,#CSO_Quest_Special012_Cond1_Arg1,<mapName>,300,,,,,,,,,,,,,,,,,,,,,,,,,,,,,,,,,,1,4002,3,4004,,,,,,,
1013,1,4,#CSO_Quest_Special013_Name_Arg1,<mapName>,#CSO_Quest_Special013_Desc_Arg1,<mapName>,0,,,<args><memberLimit value='4' testvalue='1'/></args>,<vars><map/><mode/></vars>,#CSO_Quest_Special013_Cond1_Arg1,<mapName>,150,,,,,,,,,,,,,,,,,,,,,,,,,,,,,,,,,,1,4002,3,4004,,,,,,,
1014,1,3,#CSO_Quest_Special014_Name_Arg1,<mapName>,#CSO_Quest_Special014_Desc_Arg1,<mapName>,0,,,<args><memberLimit value='4' testvalue='1'/></args>,<vars><map/><mode/></vars>,#CSO_Quest_Special014_Cond1_Arg1,<mapName>,200,,,,,,,,,,,,,,,,,,,,,,,,,,,,,,,,,,1,4002,3,4004,,,,,,,
1015,1,2,#CSO_Quest_Special015_Name_Arg1,<mapName>,#CSO_Quest_Special015_Desc_Arg1,<mapName>,0,,,<args><memberLimit value='4' testvalue='1'/></args>,<vars><map/><mode/></vars>,#CSO_Quest_Special015_Cond1_Arg1,<mapName>,45,,,,,,,,,,,,,,,,,,,,,,,,,,,,,,,,,,1,4002,3,4004,,,,,,,
1016,1,2,#CSO_Quest_Special016_Name_Arg1,<mapName>,#CSO_Quest_Special016_Desc_Arg1,<mapName>,0,,,<args><memberLimit value='4' testvalue='1'/></args>,<vars><map/><mode/></vars>,#CSO_Quest_Special016_Cond1_Arg1,<mapName>,45,,,,,,,,,,,,,,,,,,,,,,,,,,,,,,,,,,1,4002,3,4004,,,,,,,
1017,1,2,#CSO_Quest_Special017_Name_Arg1,<mapName>,#CSO_Quest_Special017_Desc_Arg1,<mapName>,0,,,<args><memberLimit value='4' testvalue='1'/></args>,<vars><map/><mode/></vars>,#CSO_Quest_Special017_Cond1_Arg1,<mapName>,30,,,,,,,,,,,,,,,,,,,,,,,,,,,,,,,,,,1,4002,3,4004,,,,,,,
1018,1,4,#CSO_Quest_Special018_Name_Arg1,<mapName>,#CSO_Quest_Special018_Desc_Arg1,<mapName>,0,,,<args><memberLimit value='4' testvalue='1'/></args>,<vars><map/><mode/></vars>,#CSO_Quest_Special018_Cond1_Arg1,<mapName>,100,,,,,,,,,,,,,,,,,,,,,,,,,,,,,,,,,,1,4002,3,4004,,,,,,,
1019,1,2,#CSO_Quest_Special019_Name_Arg1,<mapName>,#CSO_Quest_Special019_Desc_Arg1,<mapName>,0,,,<args><memberLimit value='2' testvalue='1'/></args>,<vars><map/><mode/></vars>,#CSO_Quest_Special019_Cond1_Arg1,<mapName>,300,,,,,,,,,,,,,,,,,,,,,,,,,,,,,,,,,,1,4002,3,4004,,,,,,,
1020,1,0,#CSO_Quest_Special020_Name_Arg1,<mapName>,#CSO_Quest_Special020_Desc_Arg1,<mapName>,0,,,<args><memberLimit value='4' testvalue='1'/></args>,<vars><map/><mode/></vars>,#CSO_Quest_Special020_Cond1_Arg1,<mapName>,100,,,,,,,,,,,,,,,,,,,,,,,,,,,,,,,,,,1,4002,3,4004,,,,,,,
1021,1,0,#CSO_Quest_Special021_Name_Arg1,<mapName>,#CSO_Quest_Special021_Desc_Arg1,<mapName>,0,,,<args><memberLimit value='4' testvalue='1'/></args>,<vars><map/><mode/></vars>,#CSO_Quest_Special021_Cond1_Arg1,<mapName>,10,,,,,,,,,,,,,,,,,,,,,,,,,,,,,,,,,,1,4002,3,4004,,,,,,,
1022,1,0,#CSO_Quest_Special022_Name_Arg1,<mapName>,#CSO_Quest_Special022_Desc_Arg1,<mapName>,0,,,<args><memberLimit value='4' testvalue='1'/></args>,<vars><map/><mode/></vars>,#CSO_Quest_Special022_Cond1_Arg1,<mapName>,3,,,,,,,,,,,,,,,,,,,,,,,,,,,,,,,,,,1,4002,3,4004,,,,,,,
1501,11,4,#CSO_Quest_PC_Special001_Name_Arg1,<mapName>,#CSO_Quest_PC_Special001_Desc_Arg1,<mapName>,0,,,<args><memberLimit value='4' testvalue='1'/></args>,<vars><map/><mode/></vars>,#CSO_Quest_PC_Special001_Cond1_Arg1,<mapName>,15,,,,,,,,,,,,,,,,,,,,,,,,,,,,,,,,,,6,4012,8,4014,,,,,,,
1502,11,2,#CSO_Quest_PC_Special002_Name_Arg1,<mapName>,#CSO_Quest_PC_Special002_Desc_Arg1,<mapName>,0,,,<args><memberLimit value='4' testvalue='1'/></args>,<vars><map/><mode/></vars>,#CSO_Quest_PC_Special002_Cond1_Arg1,<mapName>,60,,,,,,,,,,,,,,,,,,,,,,,,,,,,,,,,,,6,4012,8,4014,,,,,,,
1503,11,2,#CSO_Quest_PC_Special003_Name_Arg1,<mapName>,#CSO_Quest_PC_Special003_Desc_Arg1,<mapName>,0,,,<args><memberLimit value='4' testvalue='1'/></args>,<vars><map/><mode/></vars>,#CSO_Quest_PC_Special003_Cond1_Arg1,<mapName>,45,,,,,,,,,,,,,,,,,,,,,,,,,,,,,,,,,,6,4012,8,4014,,,,,,,
1504,11,4,#CSO_Quest_PC_Special004_Name_Arg1,<mapName>,#CSO_Quest_PC_Special004_Desc_Arg1,<mapName>,0,,,<args><memberLimit value='1' testvalue='1'/></args>,<vars><map/><mode/></vars>,#CSO_Quest_PC_Special004_Cond1_Arg1,<mapName>,50,,,,,,,,,,,,,,,,,,,,,,,,,,,,,,,,,,6,4012,8,4014,,,,,,,
1505,11,2,#CSO_Quest_PC_Special005_Name_Arg1,<mapName>,#CSO_Quest_PC_Special005_Desc_Arg1,<mapName>,0,,,<args><memberLimit value='1' testvalue='1'/></args>,<vars><map/><mode/></vars>,#CSO_Quest_PC_Special005_Cond1_Arg1,<mapName>,120,,,,,,,,,,,,,,,,,,,,,,,,,,,,,,,,,,6,4012,8,4014,,,,,,,
1506,11,2,#CSO_Quest_PC_Special006_Name_Arg1,<mapName>,#CSO_Quest_PC_Special006_Desc_Arg1,<mapName>,0,,,<args><memberLimit value='1' testvalue='1'/></args>,<vars><map/><mode/></vars>,#CSO_Quest_PC_Special006_Cond1_Arg1,<mapName>,80,,,,,,,,,,,,,,,,,,,,,,,,,,,,,,,,,,6,4012,8,4014,,,,,,,
1507,11,0,#CSO_Quest_PC_Special007_Name_Arg1,<mapName>,#CSO_Quest_PC_Special007_Desc_Arg1,<mapName>,0,,,<args><memberLimit value='4' testvalue='1'/></args>,<vars><map/><mode/></vars>,#CSO_Quest_PC_Special007_Cond1_Arg1,<mapName>,10,,,,,,,,,,,,,,,,,,,,,,,,,,,,,,,,,,6,4012,8,4014,,,,,,,
1508,11,0,#CSO_Quest_PC_Special008_Name_Arg1,<mapName>,#CSO_Quest_PC_Special008_Desc_Arg1,<mapName>,0,,,<args><memberLimit value='4' testvalue='1'/></args>,<vars><map/><mode/></vars>,#CSO_Quest_PC_Special008_Cond1_Arg1,<mapName>,10,,,,,,,,,,,,,,,,,,,,,,,,,,,,,,,,,,6,4012,8,4014,,,,,,,
1509,11,0,#CSO_Quest_PC_Special009_Name_Arg1,<mapName>,#CSO_Quest_PC_Special009_Desc_Arg1,<mapName>,0,,,<args><memberLimit value='4' testvalue='1'/></args>,<vars><map/><mode/></vars>,#CSO_Quest_PC_Special009_Cond1_Arg1,<mapName>,10,,,,,,,,,,,,,,,,,,,,,,,,,,,,,,,,,,6,4012,8,4014,,,,,,,
1510,11,3,#CSO_Quest_PC_Special010_Name_Arg1,<mapName>,#CSO_Quest_PC_Special010_Desc_Arg1,<mapName>,0,,,<args><memberLimit value='4' testvalue='1'/></args>,<vars><map/><mode/></vars>,#CSO_Quest_PC_Special010_Cond1_Arg1,<mapName>,50,,,,,,,,,,,,,,,,,,,,,,,,,,,,,,,,,,6,4012,8,4014,,,,,,,
1511,11,3,#CSO_Quest_PC_Special011_Name_Arg1,<mapName>,#CSO_Quest_PC_Special011_Desc_Arg1,<mapName>,0,,,<args><memberLimit value='4' testvalue='1'/></args>,<vars><map/><mode/></vars>,#CSO_Quest_PC_Special011_Cond1_Arg1,<mapName>,30,,,,,,,,,,,,,,,,,,,,,,,,,,,,,,,,,,6,4012,8,4014,,,,,,,
1512,11,2,#CSO_Quest_PC_Special012_Name_Arg1,<mapName>,#CSO_Quest_PC_Special012_Desc_Arg1,<mapName>,0,,,<args><memberLimit value='4' testvalue='1'/></args>,<vars><map/><mode/></vars>,#CSO_Quest_PC_Special012_Cond1_Arg1,<mapName>,300,,,,,,,,,,,,,,,,,,,,,,,,,,,,,,,,,,6,4012,8,4014,,,,,,,
1513,11,4,#CSO_Quest_PC_Special013_Name_Arg1,<mapName>,#CSO_Quest_PC_Special013_Desc_Arg1,<mapName>,0,,,<args><memberLimit value='4' testvalue='1'/></args>,<vars><map/><mode/></vars>,#CSO_Quest_PC_Special013_Cond1_Arg1,<mapName>,150,,,,,,,,,,,,,,,,,,,,,,,,,,,,,,,,,,6,4012,8,4014,,,,,,,
1514,11,3,#CSO_Quest_PC_Special014_Name_Arg1,<mapName>,#CSO_Quest_PC_Special014_Desc_Arg1,<mapName>,0,,,<args><memberLimit value='4' testvalue='1'/></args>,<vars><map/><mode/></vars>,#CSO_Quest_PC_Special014_Cond1_Arg1,<mapName>,200,,,,,,,,,,,,,,,,,,,,,,,,,,,,,,,,,,6,4012,8,4014,,,,,,,
1515,11,2,#CSO_Quest_PC_Special015_Name_Arg1,<mapName>,#CSO_Quest_PC_Special015_Desc_Arg1,<mapName>,0,,,<args><memberLimit value='4' testvalue='1'/></args>,<vars><map/><mode/></vars>,#CSO_Quest_PC_Special015_Cond1_Arg1,<mapName>,45,,,,,,,,,,,,,,,,,,,,,,,,,,,,,,,,,,6,4012,8,4014,,,,,,,
1516,11,2,#CSO_Quest_PC_Special016_Name_Arg1,<mapName>,#CSO_Quest_PC_Special016_Desc_Arg1,<mapName>,0,,,<args><memberLimit value='4' testvalue='1'/></args>,<vars><map/><mode/></vars>,#CSO_Quest_PC_Special016_Cond1_Arg1,<mapName>,45,,,,,,,,,,,,,,,,,,,,,,,,,,,,,,,,,,6,4012,8,4014,,,,,,,
1517,11,2,#CSO_Quest_PC_Special017_Name_Arg1,<mapName>,#CSO_Quest_PC_Special017_Desc_Arg1,<mapName>,0,,,<args><memberLimit value='4' testvalue='1'/></args>,<vars><map/><mode/></vars>,#CSO_Quest_PC_Special017_Cond1_Arg1,<mapName>,30,,,,,,,,,,,,,,,,,,,,,,,,,,,,,,,,,,6,4012,8,4014,,,,,,,
1518,11,4,#CSO_Quest_PC_Special018_Name_Arg1,<mapName>,#CSO_Quest_PC_Special018_Desc_Arg1,<mapName>,0,,,<args><memberLimit value='4' testvalue='1'/></args>,<vars><map/><mode/></vars>,#CSO_Quest_PC_Special018_Cond1_Arg1,<mapName>,100,,,,,,,,,,,,,,,,,,,,,,,,,,,,,,,,,,6,4012,8,4014,,,,,,,
1519,11,2,#CSO_Quest_PC_Special019_Name_Arg1,<mapName>,#CSO_Quest_PC_Special019_Desc_Arg1,<mapName>,0,,,<args><memberLimit value='2' testvalue='1'/></args>,<vars><map/><mode/></vars>,#CSO_Quest_PC_Special019_Cond1_Arg1,<mapName>,300,,,,,,,,,,,,,,,,,,,,,,,,,,,,,,,,,,6,4012,8,4014,,,,,,,
1520,11,0,#CSO_Quest_PC_Special020_Name_Arg1,<mapName>,#CSO_Quest_PC_Special020_Desc_Arg1,<mapName>,0,,,<args><memberLimit value='4' testvalue='1'/></args>,<vars><map/><mode/></vars>,#CSO_Quest_PC_Special020_Cond1_Arg1,<mapName>,100,,,,,,,,,,,,,,,,,,,,,,,,,,,,,,,,,,6,4012,8,4014,,,,,,,
1521,11,0,#CSO_Quest_PC_Special021_Name_Arg1,<mapName>,#CSO_Quest_PC_Special021_Desc_Arg1,<mapName>,0,,,<args><memberLimit value='4' testvalue='1'/></args>,<vars><map/><mode/></vars>,#CSO_Quest_PC_Special021_Cond1_Arg1,<mapName>,10,,,,,,,,,,,,,,,,,,,,,,,,,,,,,,,,,,6,4012,8,4014,,,,,,,
1522,11,0,#CSO_Quest_PC_Special022_Name_Arg1,<mapName>,#CSO_Quest_PC_Special022_Desc_Arg1,<mapName>,0,,,<args><memberLimit value='4' testvalue='1'/></args>,<vars><map/><mode/></vars>,#CSO_Quest_PC_Special022_Cond1_Arg1,<mapName>,3,,,,,,,,,,,,,,,,,,,,,,,,,,,,,,,,,,6,4012,8,4014,,,,,,,
2001,2,4,#CSO_Quest_Honor001_Name,,#CSO_Quest_Honor001_Desc,,0,,,<args><memberLimit value='1' testvalue='1'/></args>,,#CSO_Quest_Honor001_Cond1,,1,,,,,,,,,,,,,,,,,,,,,,,,,,,,,,,,,,4,4006,,,,,,,1,7,
2002,2,4,#CSO_Quest_Honor002_Name,,,,0,,,<args><memberLimit value='1' testvalue='1'/></args>,,,,1,,,,,,,,,,,,,,,,,,,,,,,,,,,,,,,,,,4,4008,,,,,,,2,7,
2003,2,4,#CSO_Quest_Honor003_Name,,#CSO_Quest_Honor003_Desc,,0,,,<args><memberLimit value='1' testvalue='1'/></args>,,#CSO_Quest_Honor003_Cond1,,1000,,,,,,,,,,,,,,,,,,,,,,,,,,,,,,,,,,4,4006,,,,,,,3,4,
2004,2,4,#CSO_Quest_Honor004_Name,,,,0,,,<args><memberLimit value='1' testvalue='1'/></args>,,,,1,,,,,,,,,,,,,,,,,,,,,,,,,,,,,,,,,,,,,,,,,,4,7,1
2005,2,4,#CSO_Quest_Honor005_Name,,,,0,,,<args><memberLimit value='1' testvalue='1'/></args>,,,,1,,,,,,,,,,,,,,,,,,,,,,,,,,,,,,,,,,,,,,,,,,5,5,1
2006,2,4,#CSO_Quest_Honor006_Name,,#CSO_Quest_Honor006_Desc,,0,,,<args><memberLimit value='1' testvalue='1'/></args>,,#CSO_Quest_Honor006_Cond1,,1,,,,,,,,,,,,,,,,,,,,,,,,,,,,,,,,,,4,4006,,,,,,,6,6,
2007,2,4,#CSO_Quest_Honor007_Name,,#CSO_Quest_Honor007_Desc,,0,,,<args><memberLimit value='1' testvalue='1'/></args>,<vars><auxrecordex init='0'/><win init='0'/></vars>,#CSO_Quest_Honor007_Cond1,,5000,,,,,,,,,,,,,,,,,,,,,,,,,,,,,,,,,,4,4006,,,,,,,7,3,
2008,2,4,#CSO_Quest_Honor008_Name,,#CSO_Quest_Honor008_Desc,,0,,,<args><memberLimit value='1' testvalue='1'/></args>,<vars><auxrecordex init='0'/><kill init='0'/></vars>,#CSO_Quest_Honor008_Cond1,,5000,,,,,,,,,,,,,,,,,,,,,,,,,,,,,,,,,,4,4006,,,,,,,8,3,
2009,2,4,#CSO_Quest_Honor009_Name,,,,0,,,<args><memberLimit value='1' testvalue='1'/></args>,,,,1,,,,,,,,,,,,,,,,,,,,,,,,,,,,,,,,,,,,,,,,,,9,7,1
2010,2,4,#CSO_Quest_Honor010_Name,,#CSO_Quest_Honor010_Desc,,0,,,<args><memberLimit value='1' testvalue='1'/></args>,,#CSO_Quest_Honor010_Cond1,,10000,,,,,,,,,,,,,,,,,,,,,,,,,,,,,,,,,,4,4006,,,,,,,10,4,
2011,2,4,#CSO_Quest_Honor011_Name,,,,0,,,<args><memberLimit value='1' testvalue='1'/></args>,,,,1,,,,,,,,,,,,,,,,,,,,,,,,,,,,,,,,,,4,4009,,,,,,,11,7,
2012,2,4,#CSO_Quest_Honor012_Name,,#CSO_Quest_Honor012_Desc,,0,,,<args><memberLimit value='1' testvalue='1'/></args>,<vars><playtime init='0'/></vars>,#CSO_Quest_Honor012_Cond1,,1,,,,,,,,,,,,,,,,,,,,,,,,,,,,,,,,,,4,4005,,,,,,,12,7,
2013,2,4,#CSO_Quest_Honor013_Name,,#CSO_Quest_Honor013_Desc,,0,,,<args><memberLimit value='1' testvalue='1'/></args>,,#CSO_Quest_Honor013_Cond1,,100,,,,,,,,,,,,,,,,,,,,,,,,,,,,,,,,,,4,4005,,,,,,,13,2,
2014,2,4,#CSO_Quest_Honor014_Name,,#CSO_Quest_Honor014_Desc,,0,,,<args><memberLimit value='1' testvalue='1'/></args>,,#CSO_Quest_Honor014_Cond1,,50,#CSO_Quest_Honor014_Cond2,,100,,,,,,,,,,,,,,,,,,,,,,,,,,,,,,,4,4005,,,,,,,14,2,
2015,2,4,#CSO_Quest_Honor015_Name,,#CSO_Quest_Honor015_Desc,,0,,,<args><memberLimit value='1' testvalue='1'/></args>,,#CSO_Quest_Honor015_Cond1,,100,#CSO_Quest_Honor015_Cond2,,100,,,,,,,,,,,,,,,,,,,,,,,,,,,,,,,4,4005,,,,,,,15,2,
2016,2,4,#CSO_Quest_Honor016_Name,,#CSO_Quest_Honor016_Desc,,0,,,<args><memberLimit value='1' testvalue='1'/></args>,,#CSO_Quest_Honor016_Cond1,,200,#CSO_Quest_Honor016_Cond2,,10,,,,,,,,,,,,,,,,,,,,,,,,,,,,,,,4,4005,,,,,,,16,2,
2017,2,4,#CSO_Quest_Honor017_Name,,#CSO_Quest_Honor017_Desc,,0,,,<args><memberLimit value='1' testvalue='1'/></args>,,#CSO_Quest_Honor017_Cond1,,50,,,,,,,,,,,,,,,,,,,,,,,,,,,,,,,,,,4,4005,,,,,,,17,2,
2018,2,4,#CSO_Quest_Honor018_Name,,,,0,,,<args><memberLimit value='1' testvalue='1'/></args>,,,,5000,,,100,,,1000,,,100,,,,,,,,,,,,,,,,,,,,,,,,,4,4007,,,,,,,18,2,
2019,2,4,#CSO_Quest_Honor019_Name,,,,0,,,<args><memberLimit value='1' testvalue='1'/></args>,,,,500,,,1000,,,5000,,,,,,,,,,,,,,,,,,,,,,,,,,,,4,4007,,,,,,,19,2,
2020,2,4,#CSO_Quest_Honor020_Name,,,,0,,,<args><memberLimit value='1' testvalue='1'/></args>,,,,2500,,,,,,,,,,,,,,,,,,,,,,,,,,,,,,,,,,4,4009,,,,,,,20,2,
2021,2,4,#CSO_Quest_Honor021_Name,,,,0,,,<args><memberLimit value='1' testvalue='1'/></args>,,,,1,,,,,,,,,,,,,,,,,,,,,,,,,,,,,,,,,,4,4006,,,,,,,21,1,
2022,2,4,#CSO_Quest_Honor022_Name,,,,0,,,<args><memberLimit value='1' testvalue='1'/></args>,,,,100,,,100,,,,,,,,,,,,,,,,,,,,,,,,,,,,,,,4,4007,,,,,,,22,6,
2023,2,4,#CSO_Quest_Honor023_Name,,,,0,,,<args><memberLimit value='1' testvalue='1'/></args>,,,,30,,,,,,,,,,,,,,,,,,,,,,,,,,,,,,,,,,4,4008,,,,,,,23,6,
2024,2,4,#CSO_Quest_Honor024_Name,,,,0,,,<args><memberLimit value='1' testvalue='1'/></args>,,,,10000,,,,,,,,,,,,,,,,,,,,,,,,,,,,,,,,,,4,4006,,,,,,,24,3,
2025,2,4,#CSO_Quest_Honor025_Name,,#CSO_Quest_Honor025_Desc,,0,,,<args><memberLimit value='1' testvalue='1'/></args>,,#CSO_Quest_Honor025_Cond1,,300,,,,,,,,,,,,,,,,,,,,,,,,,,,,,,,,,,4,4006,,,,,,,25,4,
2026,2,4,#CSO_Quest_Honor026_Name,,#CSO_Quest_Honor026_Desc,,0,,,<args><memberLimit value='4' testvalue='1'/></args>,,#CSO_Quest_Honor026_Cond1,,300,,,,,,,,,,,,,,,,,,,,,,,,,,,,,,,,,,4,4007,,,,,,,26,7,
2027,2,4,#CSO_Quest_Honor027_Name,,,,0,,,<args><memberLimit value='4' testvalue='1'/></args>,,,,1000,,,,,,,,,,,,,,,,,,,,,,,,,,,,,,,,,,4,4008,,,,,,,27,7,
2028,2,4,#CSO_Quest_Honor028_Name,,#CSO_Quest_Honor028_Desc,,0,,,<args><memberLimit value='1' testvalue='1'/></args>,,#CSO_Quest_Honor028_Cond1,,1,,,,,,,,,,,,,,,,,,,,,,,,,,,,,,,,,,4,4009,,,,,,,28,7,
2029,2,4,#CSO_Quest_Honor029_Name,,#CSO_Quest_Honor029_Desc,,0,,,<args><memberLimit value='1' testvalue='1'/></args>,,#CSO_Quest_Honor029_Cond1,,1,,,,,,,,,,,,,,,,,,,,,,,,,,,,,,,,,,4,4008,,,,,,,29,7,
2030,2,4,#CSO_Quest_Honor030_Name,,,,0,,,<args><memberLimit value='1' testvalue='1'/></args>,,,,100,,,,,,,,,,,,,,,,,,,,,,,,,,,,,,,,,,4,4009,,,,,,,30,7,
2031,2,4,#CSO_Quest_Honor031_Name,,#CSO_Quest_Honor031_Desc,,0,,,<args><memberLimit value='1' testvalue='1'/></args>,,#CSO_Quest_Honor031_Cond1,,1000,,,,,,,,,,,,,,,,,,,,,,,,,,,,,,,,,,4,4006,,,,,,,31,2,
2032,2,4,#CSO_Quest_Honor032_Name,,#CSO_Quest_Honor032_Desc,,0,,,<args><memberLimit value='1' testvalue='1'/></args>,,#CSO_Quest_Honor032_Cond1,,1000,,,,,,,,,,,,,,,,,,,,,,,,,,,,,,,,,,4,4006,,,,,,,32,2,
2033,2,4,#CSO_Quest_Honor033_Name,,,,0,,,<args><memberLimit value='4' testvalue='1'/></args>,,,,3000,,,,,,,,,,,,,,,,,,,,,,,,,,,,,,,,,,4,4009,,,,,,,33,2,
2034,2,4,#CSO_Quest_Honor034_Name,,#CSO_Quest_Honor034_Desc,,0,,,<args><memberLimit value='1' testvalue='1'/></args>,,#CSO_Quest_Honor034_Cond1,,300,,,,,,,,,,,,,,,,,,,,,,,,,,,,,,,,,,4,4006,,,,,,,34,4,
2035,2,4,#CSO_Quest_Honor035_Name,,,,0,,,<args><memberLimit value='1' testvalue='1'/></args>,,,,1,,,,,,,,,,,,,,,,,,,,,,,,,,,,,,,,,,,,,,,,,,35,7,1
2036,2,4,#CSO_Quest_Honor036_Name,,,,0,,,<args><memberLimit value='1' testvalue='1'/></args>,,,,1,,,,,,,,,,,,,,,,,,,,,,,,,,,,,,,,,,,,,,,,,,36,7,1
2037,2,4,#CSO_Quest_Honor037_Name,,,,0,,,<args><memberLimit value='1' testvalue='1'/></args>,,,,1,,,,,,,,,,,,,,,,,,,,,,,,,,,,,,,,,,,,,,,,,,37,7,1
2038,2,4,#CSO_Quest_Honor038_Name,,,,0,,,<args><memberLimit value='1' testvalue='1'/></args>,,,,1,,,,,,,,,,,,,,,,,,,,,,,,,,,,,,,,,,,,,,,,,,38,7,1
2039,2,4,#CSO_Quest_Honor039_Name,,,,0,,,<args><memberLimit value='1' testvalue='1'/></args>,,,,1,,,,,,,,,,,,,,,,,,,,,,,,,,,,,,,,,,,,,,,,,,39,7,1
2040,2,4,#CSO_Quest_Honor040_Name,,#CSO_Quest_Honor040_Desc,,0,,,<args><memberLimit value='1' testvalue='1'/><raiseGoal value = '4'/></args>,<vars><currentGoal init='1'/></vars>,#CSO_Quest_Honor040_Cond1,,400,,,,,,,,,,,,,,,,,,,,,,,,,,,,,,,,,,4,4008,,,,,,,40,1,
2041,2,4,#CSO_Quest_Honor041_Name,,#CSO_Quest_Honor041_Desc,,0,,,<args><memberLimit value='1' testvalue='1'/><raiseGoal value = '4'/></args>,<vars><currentGoal init='1'/></vars>,#CSO_Quest_Honor041_Cond1,,400,,,,,,,,,,,,,,,,,,,,,,,,,,,,,,,,,,4,4007,,,,,,,41,1,
2042,2,4,#CSO_Quest_Honor042_Name,,#CSO_Quest_Honor042_Desc,,0,,,<args><memberLimit value='1' testvalue='1'/><raiseGoal value = '4'/></args>,<vars><currentGoal init='1'/></vars>,#CSO_Quest_Honor042_Cond1,,400,,,,,,,,,,,,,,,,,,,,,,,,,,,,,,,,,,4,4008,,,,,,,42,1,
2043,2,4,#CSO_Quest_Honor043_Name,,#CSO_Quest_Honor043_Desc,,0,,,<args><memberLimit value='1' testvalue='1'/></args>,,#CSO_Quest_Honor043_Cond1,,100,,,,,,,,,,,,,,,,,,,,,,,,,,,,,,,,,,4,4006,,,,,,,43,1,
2044,2,4,#CSO_Quest_Honor044_Name,,#CSO_Quest_Honor044_Desc,,0,,,<args><memberLimit value='1' testvalue='1'/></args>,,#CSO_Quest_Honor044_Cond1,,100,,,,,,,,,,,,,,,,,,,,,,,,,,,,,,,,,,4,4006,,,,,,,44,1,
2045,2,4,#CSO_Quest_Honor045_Name,,#CSO_Quest_Honor045_Desc,,0,,,<args><memberLimit value='1' testvalue='1'/></args>,<vars><m74 init='0' /><m75 init='0' /><m76 init='0' /><m77 init='0' /><m85 init='0' /><m98 init='0' /></vars>,#CSO_Quest_Honor045_Cond1,,1,,,,,,,,,,,,,,,,,,,,,,,,,,,,,,,,,,4,4005,,,,,,,45,1,
2046,2,4,#CSO_Quest_Honor046_Name,,,,0,,,<args><memberLimit value='1' testvalue='1'/><goal value='1000000' testvalue='50'/></args>,<vars><kill init='0' /></vars>,,,1,,,,,,,,,,,,,,,,,,,,,,,,,,,,,,,,,,4,4009,,,,,,,46,1,
2047,2,4,#CSO_Quest_Honor047_Name,,#CSO_Quest_Honor047_Desc,,0,,,<args><memberLimit value='1' testvalue='1'/></args>,,#CSO_Quest_Honor047_Cond1,,100,,,,,,,,,,,,,,,,,,,,,,,,,,,,,,,,,,4,4006,,,,,,,47,7,
2048,2,4,#CSO_Quest_Honor048_Name,,#CSO_Quest_Honor048_Desc,,0,,,<args><memberLimit value='1' testvalue='1'/></args>,,#CSO_Quest_Honor048_Cond1,,100,,,,,,,,,,,,,,,,,,,,,,,,,,,,,,,,,,4,4006,,,,,,,48,7,
2049,2,4,#CSO_Quest_Honor049_Name,,#CSO_Quest_Honor049_Desc,,0,,,<args><memberLimit value='1' testvalue='1'/></args>,,#CSO_Quest_Honor049_Cond1,,2500,,,,,,,,,,,,,,,,,,,,,,,,,,,,,,,,,,4,4009,,,,,,,49,5,
2050,2,4,#CSO_Quest_Honor050_Name,,#CSO_Quest_Honor050_Desc,,0,,,<args><memberLimit value='1' testvalue='1'/></args>,,#CSO_Quest_Honor050_Cond1,,100,,,,,,,,,,,,,,,,,,,,,,,,,,,,,,,,,,4,4007,,,,,,,50,5,
2051,2,4,#CSO_Quest_Honor051_Name,,#CSO_Quest_Honor051_Desc,,0,,,<args><clanMemberLimit value='4' testvalue='1'/></args>,<vars><dt_sec /></vars>,#CSO_Quest_Honor051_Cond1,,350,,,,,,,,,,,,,,,,,,,,,,,,,,,,,,,,,,4,4007,,,,,,,51,5,
2052,2,4,#CSO_Quest_Honor052_Name,,#CSO_Quest_Honor052_Desc,,0,,,<args><clanMemberLimit value='4' testvalue='1'/></args>,<vars><dt_sec /></vars>,#CSO_Quest_Honor052_Cond1,,350,,,,,,,,,,,,,,,,,,,,,,,,,,,,,,,,,,4,4007,,,,,,,52,5,
2053,2,4,#CSO_Quest_Honor053_Name,,,,0,,,<args><memberLimit value='1' testvalue='1'/></args>,,,,1,,,,,,,,,,,,,,,,,,,,,,,,,,,,,,,,,,,,,,,,,,53,5,1
2054,2,4,#CSO_Quest_Honor054_Name,,,,0,,,<args><memberLimit value='1' testvalue='1'/></args>,,,,1,,,,,,,,,,,,,,,,,,,,,,,,,,,,,,,,,,,,,,,,,,54,7,1
2055,2,4,#CSO_Quest_Honor055_Name,,,,0,,,<args><memberLimit value='1' testvalue='1'/></args>,,,,1,,,,,,,,,,,,,,,,,,,,,,,,,,,,,,,,,,,,,,,,,,55,7,1
2056,2,4,#CSO_Quest_Honor056_Name,,#CSO_Quest_Honor056_Desc,,0,,,<args><memberLimit value='8' testvalue='1'/></args>,<vars><kill init='0' /><flag init='0' /></vars>,#CSO_Quest_Honor056_Cond1,,1000,,,,,,,,,,,,,,,,,,,,,,,,,,,,,,,,,,4,4007,,,,,,,56,4,
2057,2,4,#CSO_Quest_Honor057_Name,,#CSO_Quest_Honor057_Desc,,0,,,<args><memberLimit value='4' testvalue='1'/></args>,,#CSO_Quest_Honor057_Cond1,,100,,,,,,,,,,,,,,,,,,,,,,,,,,,,,,,,,,4,4006,,,,,,,57,1,
2058,2,4,#CSO_Quest_Honor058_Name,,#CSO_Quest_Honor058_Desc,,0,,,<args><memberLimit value='4' testvalue='1'/></args>,,#CSO_Quest_Honor058_Cond1,,100,,,,,,,,,,,,,,,,,,,,,,,,,,,,,,,,,,4,4006,,,,,,,58,1,
2059,2,4,#CSO_Quest_Honor059_Name,,#CSO_Quest_Honor059_Desc,,0,,,<args><memberLimit value='4' testvalue='1'/></args>,,#CSO_Quest_Honor059_Cond1,,100,,,,,,,,,,,,,,,,,,,,,,,,,,,,,,,,,,4,4006,,,,,,,59,1,
2060,2,4,#CSO_Quest_Honor060_Name,,#CSO_Quest_Honor060_Desc,,0,,,<args><memberLimit value='4' testvalue='1'/></args>,,#CSO_Quest_Honor060_Cond1,,100,,,,,,,,,,,,,,,,,,,,,,,,,,,,,,,,,,4,4006,,,,,,,60,1,
2061,2,4,#CSO_Quest_Honor061_Name,,#CSO_Quest_Honor061_Desc,,0,,,<args><memberLimit value='4' testvalue='1'/></args>,,#CSO_Quest_Honor061_Cond1,,3000,,,,,,,,,,,,,,,,,,,,,,,,,,,,,,,,,,4,4006,,,,,,,61,2,
2062,2,4,#CSO_Quest_Honor062_Name,,#CSO_Quest_Honor062_Desc,,0,,,<args><memberLimit value='1' testvalue='1'/></args>,,#CSO_Quest_Honor062_Cond1,,300,,,,,,,,,,,,,,,,,,,,,,,,,,,,,,,,,,4,4006,,,,,,,62,6,
2063,2,4,#CSO_Quest_Honor063_Name,,#CSO_Quest_Honor063_Desc,,0,,,<args><memberLimit value='4' testvalue='1'/></args>,,#CSO_Quest_Honor063_Cond1,,3000,,,,,,,,,,,,,,,,,,,,,,,,,,,,,,,,,,4,4006,,,,,,,63,3,
2064,2,4,#CSO_Quest_Honor064_Name,,#CSO_Quest_Honor064_Desc,,0,,,<args><memberLimit value='4' testvalue='1'/></args>,,#CSO_Quest_Honor064_Cond1,,10000,,,,,,,,,,,,,,,,,,,,,,,,,,,,,,,,,,4,4006,,,,,,,64,2,
2065,2,4,#CSO_Quest_Honor065_Name,,,,0,,,<args><memberLimit value='1' testvalue='1'/></args>,,,,1,,,,,,,,,,,,,,,,,,,,,,,,,,,,,,,,,,,,,,,,,,65,7,1
2066,2,4,#CSO_Quest_Honor066_Name,,#CSO_Quest_Honor066_Desc,,0,,,<args><memberLimit value='1' testvalue='1'/></args>,,#CSO_Quest_Honor066_Cond1,,100,,,,,,,,,,,,,,,,,,,,,,,,,,,,,,,,,,4,4006,,,,,,,66,6,
2067,2,4,#CSO_Quest_Honor067_Name,,#CSO_Quest_Honor067_Desc,,0,,,<args><memberLimit value='1' testvalue='1'/></args>,,#CSO_Quest_Honor067_Cond1,,3000,,,,,,,,,,,,,,,,,,,,,,,,,,,,,,,,,,4,4008,,,,,,,67,6,
2068,2,4,#CSO_Quest_Honor068_Name,,#CSO_Quest_Honor068_Desc,,0,,,<args><memberLimit value='1' testvalue='1'/></args>,,#CSO_Quest_Honor068_Cond1,,100,,,,,,,,,,,,,,,,,,,,,,,,,,,,,,,,,,4,4006,,,,,,,68,1,
2069,2,4,#CSO_Quest_Honor069_Name,,#CSO_Quest_Honor069_Desc,,0,,,<args><memberLimit value='8' testvalue='1'/></args>,,#CSO_Quest_Honor069_Cond1,,1000,#CSO_Quest_Honor069_Cond2,,500,#CSO_Quest_Honor069_Cond3,,400,#CSO_Quest_Honor069_Cond4,,300,#CSO_Quest_Honor069_Cond5,,200,#CSO_Quest_Honor069_Cond6,,100,,,,,,,,,,,,,,,,,,,4,4007,,,,,,,69,4,
2070,2,4,#CSO_Quest_Honor070_Name,,#CSO_Quest_Honor070_Desc,,0,,,<args><memberLimit value='4' testvalue='1'/></args>,,#CSO_Quest_Honor070_Cond1,,100,,,,,,,,,,,,,,,,,,,,,,,,,,,,,,,,,,4,4006,,,,,,,70,1,
2071,2,4,#CSO_Quest_Honor071_Name,,#CSO_Quest_Honor071_Desc,,0,,,<args><memberLimit value='1' testvalue='1'/></args>,,#CSO_Quest_Honor071_Cond1,,1,,,,,,,,,,,,,,,,,,,,,,,,,,,,,,,,,,4,4006,,,,,,,71,6,
2072,2,4,#CSO_Quest_Honor072_Name,,,,0,,,<args><memberLimit value='1' testvalue='1'/></args>,,,,1000,,,,,,,,,,,,,,,,,,,,,,,,,,,,,,,,,,4,4007,,,,,,,72,6,
2073,2,4,#CSO_Quest_Honor073_Name,,#CSO_Quest_Honor073_Desc,,0,,,<args><memberLimit value='4' testvalue='1'/></args>,,#CSO_Quest_Honor073_Cond1,,100,,,,,,,,,,,,,,,,,,,,,,,,,,,,,,,,,,4,4006,,,,,,,73,1,
2074,2,4,#CSO_Quest_Honor074_Name,,#CSO_Quest_Honor074_Desc,,0,,,<args><memberLimit value='8' testvalue='1'/></args>,,#CSO_Quest_Honor074_Cond1,,5000,,,,,,,,,,,,,,,,,,,,,,,,,,,,,,,,,,4,4006,,,,,,,74,3,
2075,2,4,#CSO_Quest_Honor075_Name,,#CSO_Quest_Honor075_Desc,,0,,,<args><memberLimit value='6' testvalue='1'/></args>,,#CSO_Quest_Honor075_Cond1,,150,#CSO_Quest_Honor075_Cond2,,100,,,,,,,,,,,,,,,,,,,,,,,,,,,,,,,4,4006,,,,,,,75,6,
2076,2,4,#CSO_Quest_Honor076_Name,,,,0,,,<args><memberLimit value='1' testvalue='1'/></args>,,,,1,,,,,,,,,,,,,,,,,,,,,,,,,,,,,,,,,,,,,,,,,,76,1,1
2077,2,4,#CSO_Quest_Honor077_Name,,,,0,,,<args><memberLimit value='1' testvalue='1'/></args>,,,,1,,,,,,,,,,,,,,,,,,,,,,,,,,,,,,,,,,,,,,,,,,77,5,1
2078,2,4,#CSO_Quest_Honor078_Name,,,,0,,,<args><memberLimit value='1' testvalue='1'/></args>,,,,1,,,,,,,,,,,,,,,,,,,,,,,,,,,,,,,,,,,,,,,,,,78,5,1
2080,2,4,#CSO_Quest_Honor080_Name,,#CSO_Quest_Honor080_Desc,,0,,,<args><memberLimit value='4' testvalue='1'/></args>,,#CSO_Quest_Honor080_Cond1,,100,,,,,,,,,,,,,,,,,,,,,,,,,,,,,,,,,,4,4006,,,,,,,80,1,
2081,2,4,#CSO_Quest_Honor081_Name,,#CSO_Quest_Honor081_Desc,,0,,,<args><memberLimit value='4' testvalue='1'/></args>,,#CSO_Quest_Honor081_Cond1,,100,,,,,,,,,,,,,,,,,,,,,,,,,,,,,,,,,,4,4006,,,,,,,81,1,
2082,2,4,#CSO_Quest_Honor082_Name,,#CSO_Quest_Honor082_Desc,,0,,,<args><memberLimit value='4' testvalue='1'/></args>,,#CSO_Quest_Honor082_Cond1,,100,,,,,,,,,,,,,,,,,,,,,,,,,,,,,,,,,,4,4006,,,,,,,82,1,
2083,2,4,#CSO_Quest_Honor083_Name,,#CSO_Quest_Honor083_Desc,,0,,,<args><memberLimit value='4' testvalue='1'/></args>,,#CSO_Quest_Honor083_Cond1,,100,,,,,,,,,,,,,,,,,,,,,,,,,,,,,,,,,,4,4006,,,,,,,83,1,
2084,2,4,#CSO_Quest_Honor084_Name,,#CSO_Quest_Honor084_Desc,,0,,,<args><memberLimit value='4' testvalue='1'/></args>,,#CSO_Quest_Honor084_Cond1,,100,,,,,,,,,,,,,,,,,,,,,,,,,,,,,,,,,,4,4006,,,,,,,84,1,
2085,2,4,#CSO_Quest_Honor085_Name,,#CSO_Quest_Honor085_Desc,,0,,,<args><memberLimit value='6' testvalue='1'/></args>,,#CSO_Quest_Honor085_Cond1,,1000,,,,,,,,,,,,,,,,,,,,,,,,,,,,,,,,,,4,4007,,,,,,,85,4,
2086,2,4,#CSO_Quest_Honor086_Name,,#CSO_Quest_Honor086_Desc,,0,,,<args><memberLimit value='4' testvalue='1'/></args>,,#CSO_Quest_Honor086_Cond1,,100,,,,,,,,,,,,,,,,,,,,,,,,,,,,,,,,,,4,4006,,,,,,,86,3,
2087,2,4,#CSO_Quest_Honor087_Name,,#CSO_Quest_Honor087_Desc,,0,,,<args><memberLimit value='6' testvalue='1'/></args>,,#CSO_Quest_Honor087_Cond1,,100,,,,,,,,,,,,,,,,,,,,,,,,,,,,,,,,,,4,4007,,,,,,,87,3,
2088,2,4,#CSO_Quest_Honor088_Name,,,,0,,,<args><memberLimit value='1' testvalue='1'/></args>,,,,1,,,,,,,,,,,,,,,,,,,,,,,,,,,,,,,,,,,,,,,,,,88,7,1
2089,2,4,#CSO_Quest_Honor089_Name,,,,0,,,<args><memberLimit value='1' testvalue='1'/></args>,,,,1,,,,,,,,,,,,,,,,,,,,,,,,,,,,,,,,,,,,,,,,,,89,7,1
2090,2,4,#CSO_Quest_Honor090_Name,,,,0,,,<args><memberLimit value='1' testvalue='1'/></args>,,,,1,,,,,,,,,,,,,,,,,,,,,,,,,,,,,,,,,,,,,,,,,,90,7,1
2091,2,4,#CSO_Quest_Honor091_Name,,,,0,,,<args><memberLimit value='1' testvalue='1'/></args>,,,,1,,,,,,,,,,,,,,,,,,,,,,,,,,,,,,,,,,,,,,,,,,91,7,1
2092,2,4,#CSO_Quest_Honor092_Name,,,,0,,,<args><memberLimit value='1' testvalue='1'/></args>,,,,1,,,,,,,,,,,,,,,,,,,,,,,,,,,,,,,,,,,,,,,,,,92,7,1
2096,2,4,#CSO_Quest_Honor096_Name,,#CSO_Quest_Honor096_Desc,,0,,,<args><memberLimit value='4' testvalue='1'/></args>,,#CSO_Quest_Honor096_Cond1,,100,,,,,,,,,,,,,,,,,,,,,,,,,,,,,,,,,,4,4006,,,,,,,96,1,
2097,2,4,#CSO_Quest_Honor097_Name,,#CSO_Quest_Honor097_Desc,,0,,,<args><memberLimit value='4' testvalue='1'/></args>,,#CSO_Quest_Honor097_Cond1,,100,,,,,,,,,,,,,,,,,,,,,,,,,,,,,,,,,,4,4006,,,,,,,97,1,
2098,2,4,#CSO_Quest_Honor098_Name,,#CSO_Quest_Honor098_Desc,,0,,,<args><memberLimit value='4' testvalue='1'/></args>,,#CSO_Quest_Honor098_Cond1,,100,,,,,,,,,,,,,,,,,,,,,,,,,,,,,,,,,,4,4006,,,,,,,98,1,
2099,2,4,#CSO_Quest_Honor099_Name,,,,0,,,<args><memberLimit value='1' testvalue='1'/></args>,,,,1,,,,,,,,,,,,,,,,,,,,,,,,,,,,,,,,,,,,,,,,,,99,7,1
2100,2,4,#CSO_Quest_Honor100_Name,,,,0,,,<args><memberLimit value='1' testvalue='1'/></args>,,,,1,,,,,,,,,,,,,,,,,,,,,,,,,,,,,,,,,,,,,,,,,,100,7,1
2101,2,4,#CSO_Quest_Honor101_Name,,#CSO_Quest_Honor101_Desc,,0,,,<args><memberLimit value='1' testvalue='1'/></args>,,#CSO_Quest_Honor101_Cond1,,100,,,,,,,,,,,,,,,,,,,,,,,,,,,,,,,,,,4,4006,,,,,,,101,6,
2102,2,4,#CSO_Quest_Honor102_Name,,#CSO_Quest_Honor102_Desc,,0,,,<args><memberLimit value='4' testvalue='1'/></args>,,#CSO_Quest_Honor102_Cond1,,100,,,,,,,,,,,,,,,,,,,,,,,,,,,,,,,,,,4,4006,,,,,,,102,1,
2103,2,4,#CSO_Quest_Honor103_Name,,#CSO_Quest_Honor103_Desc,,0,,,<args><memberLimit value='8' testvalue='1'/></args>,,#CSO_Quest_Honor103_Cond1,,200,#CSO_Quest_Honor103_Cond2,,200,#CSO_Quest_Honor103_Cond3,,200,#CSO_Quest_Honor103_Cond4,,200,#CSO_Quest_Honor103_Cond5,,200,#CSO_Quest_Honor103_Cond6,,200,#CSO_Quest_Honor103_Cond7,,200,#CSO_Quest_Honor103_Cond8,,200,#CSO_Quest_Honor103_Cond9,,200,#CSO_Quest_Honor103_Cond10,,200,#CSO_Quest_Honor103_Cond11,,200,#CSO_Quest_Honor103_Cond12,,200,4,4007,,,,,,,103,4,
2104,2,4,#CSO_Quest_Honor104_Name,,#CSO_Quest_Honor104_Desc,,0,,,<args><memberLimit value='4' testvalue='1'/></args>,,#CSO_Quest_Honor104_Cond1,,100,,,,,,,,,,,,,,,,,,,,,,,,,,,,,,,,,,4,4006,,,,,,,104,1,
2105,2,4,#CSO_Quest_Honor105_Name,,#CSO_Quest_Honor105_Desc,,0,,,<args><memberLimit value='4' testvalue='1'/></args>,,#CSO_Quest_Honor105_Cond1,,100,,,,,,,,,,,,,,,,,,,,,,,,,,,,,,,,,,4,4006,,,,,,,105,1,
2106,2,4,#CSO_Quest_Honor106_Name,,#CSO_Quest_Honor106_Desc,,0,,,<args><memberLimit value='4' testvalue='1'/></args>,,#CSO_Quest_Honor106_Cond1,,300,,,,,,,,,,,,,,,,,,,,,,,,,,,,,,,,,,4,4006,,,,,,,106,2,
2107,2,4,#CSO_Quest_Honor107_Name,,#CSO_Quest_Honor107_Desc,,0,,,<args><memberLimit value='4' testvalue='1'/></args>,,#CSO_Quest_Honor107_Cond1,,1000,,,,,,,,,,,,,,,,,,,,,,,,,,,,,,,,,,4,4006,,,,,,,107,3,
2108,2,4,#CSO_Quest_Honor108_Name,,#CSO_Quest_Honor108_Desc,,0,,,<args><memberLimit value='1' testvalue='1'/></args>,,#CSO_Quest_Honor108_Cond1,,1000,,,,,,,,,,,,,,,,,,,,,,,,,,,,,,,,,,4,4006,,,,,,,108,6,
2109,2,4,#CSO_Quest_Honor109_Name,,#CSO_Quest_Honor109_Desc,,0,,,<args><memberLimit value='1' testvalue='1'/></args>,,#CSO_Quest_Honor109_Cond1,,1000,,,,,,,,,,,,,,,,,,,,,,,,,,,,,,,,,,4,4006,,,,,,,109,6,
2110,2,4,#CSO_Quest_Honor110_Name,,#CSO_Quest_Honor110_Desc,,0,,,<args><memberLimit value='1' testvalue='1'/></args>,,#CSO_Quest_Honor110_Cond1,,1,,,,,,,,,,,,,,,,,,,,,,,,,,,,,,,,,,4,4009,,,,,,,110,7,
2111,2,4,#CSO_Quest_Honor111_Name,,#CSO_Quest_Honor111_Desc,,0,,,<args><memberLimit value='1' testvalue='1'/><itemCollect value='407|427|367|327|363|437'/></args>,,#CSO_Quest_Honor111_Cond1,,1,#CSO_Quest_Honor111_Cond2,,1,#CSO_Quest_Honor111_Cond3,,1,#CSO_Quest_Honor111_Cond4,,1,#CSO_Quest_Honor111_Cond5,,1,#CSO_Quest_Honor111_Cond6,,1,,,,,,,,,,,,,,,,,,,4,4007,,,,,,,111,6,
2112,2,4,#CSO_Quest_Honor112_Name,,#CSO_Quest_Honor112_Desc,,0,,,<args><memberLimit value='1' testvalue='1'/><itemCollect value='517|532|482|466|504|554'/></args>,,#CSO_Quest_Honor112_Cond1,,1,#CSO_Quest_Honor112_Cond2,,1,#CSO_Quest_Honor112_Cond3,,1,#CSO_Quest_Honor112_Cond4,,1,#CSO_Quest_Honor112_Cond5,,1,#CSO_Quest_Honor112_Cond6,,1,,,,,,,,,,,,,,,,,,,4,4007,,,,,,,112,6,
2113,2,4,#CSO_Quest_Honor113_Name,,#CSO_Quest_Honor113_Desc,,0,,,<args><memberLimit value='1' testvalue='1'/><itemCollect value='598|711|587|595|673|684'/></args>,,#CSO_Quest_Honor113_Cond1,,1,#CSO_Quest_Honor113_Cond2,,1,#CSO_Quest_Honor113_Cond3,,1,#CSO_Quest_Honor113_Cond4,,1,#CSO_Quest_Honor113_Cond5,,1,#CSO_Quest_Honor113_Cond6,,1,,,,,,,,,,,,,,,,,,,4,4007,,,,,,,113,6,
2114,2,4,#CSO_Quest_Honor114_Name,,#CSO_Quest_Honor114_Desc,,0,,,<args><memberLimit value='1' testvalue='1'/><itemCollect value='679|680|681'/></args>,,#CSO_Quest_Honor114_Cond1,,1,#CSO_Quest_Honor114_Cond2,,1,#CSO_Quest_Honor114_Cond3,,1,,,,,,,,,,,,,,,,,,,,,,,,,,,,4,4006,,,,,,,114,6,
2115,2,4,#CSO_Quest_Honor115_Name,,#CSO_Quest_Honor115_Desc,,0,,,<args><memberLimit value='1' testvalue='1'/><itemCollect value='741|742|743'/></args>,,#CSO_Quest_Honor115_Cond1,,1,#CSO_Quest_Honor115_Cond2,,1,#CSO_Quest_Honor115_Cond3,,1,,,,,,,,,,,,,,,,,,,,,,,,,,,,4,4006,,,,,,,115,6,
2116,2,4,#CSO_Quest_Honor116_Name,,#CSO_Quest_Honor116_Desc,,0,,,<args><memberLimit value='4' testvalue='1'/></args>,,#CSO_Quest_Honor116_Cond1,,100000,,,,,,,,,,,,,,,,,,,,,,,,,,,,,,,,,,4,4006,,,,,,,116,1,
2117,2,4,#CSO_Quest_Honor117_Name,,#CSO_Quest_Honor117_Desc,,0,,,<args><memberLimit value='1' testvalue='1'/></args>,,#CSO_Quest_Honor117_Cond1,,100,,,,,,,,,,,,,,,,,,,,,,,,,,,,,,,,,,4,4006,,,,,,,117,6,
2118,2,4,#CSO_Quest_Honor118_Name,,#CSO_Quest_Honor118_Desc,,0,,,<args><memberLimit value='1' testvalue='1'/></args>,,#CSO_Quest_Honor118_Cond1,,1,,,,,,,,,,,,,,,,,,,,,,,,,,,,,,,,,,4,4006,,,,,,,118,6,
2119,2,4,#CSO_Quest_Honor119_Name,,#CSO_Quest_Honor119_Desc,,0,,,<args><memberLimit value='1' testvalue='1'/></args>,,#CSO_Quest_Honor119_Cond1,,1,,,,,,,,,,,,,,,,,,,,,,,,,,,,,,,,,,4,4006,,,,,,,119,6,
2120,2,4,#CSO_Quest_Honor120_Name,,#CSO_Quest_Honor120_Desc,,0,,,<args><memberLimit value='1' testvalue='1'/></args>,,#CSO_Quest_Honor120_Cond1,,300,,,,,,,,,,,,,,,,,,,,,,,,,,,,,,,,,,4,4006,,,,,,,120,4,
2125,2,4,#CSO_Quest_Honor125_Name,,,,0,,,<args><memberLimit value='1' testvalue='1'/></args>,,,,1,,,,,,,,,,,,,,,,,,,,,,,,,,,,,,,,,,,,,,,,,,125,7,1
2126,2,4,#CSO_Quest_Honor126_Name,,,,0,,,<args><memberLimit value='1' testvalue='1'/></args>,,,,1,,,,,,,,,,,,,,,,,,,,,,,,,,,,,,,,,,,,,,,,,,126,7,1
2127,2,4,#CSO_Quest_Honor127_Name,,,,0,,,<args><memberLimit value='1' testvalue='1'/></args>,,,,1,,,,,,,,,,,,,,,,,,,,,,,,,,,,,,,,,,,,,,,,,,127,7,1
2128,2,4,#CSO_Quest_Honor128_Name,,,,0,,,<args><memberLimit value='1' testvalue='1'/></args>,,,,1,,,,,,,,,,,,,,,,,,,,,,,,,,,,,,,,,,,,,,,,,,128,7,1
2129,2,4,#CSO_Quest_Honor129_Name,,,,0,,,<args><memberLimit value='1' testvalue='1'/></args>,,,,1,,,,,,,,,,,,,,,,,,,,,,,,,,,,,,,,,,,,,,,,,,129,7,1
2130,2,4,#CSO_Quest_Honor130_Name,,,,0,,,<args><memberLimit value='1' testvalue='1'/></args>,,,,1,,,,,,,,,,,,,,,,,,,,,,,,,,,,,,,,,,,,,,,,,,130,7,1
2131,2,4,#CSO_Quest_Honor131_Name,,,,0,,,<args><memberLimit value='1' testvalue='1'/></args>,,,,1,,,,,,,,,,,,,,,,,,,,,,,,,,,,,,,,,,,,,,,,,,131,7,1
2132,2,4,#CSO_Quest_Honor132_Name,,,,0,,,<args><memberLimit value='1' testvalue='1'/></args>,,,,1,,,,,,,,,,,,,,,,,,,,,,,,,,,,,,,,,,,,,,,,,,132,7,1
2133,2,4,#CSO_Quest_Honor133_Name,,,,0,,,<args><memberLimit value='1' testvalue='1'/></args>,,,,1,,,,,,,,,,,,,,,,,,,,,,,,,,,,,,,,,,,,,,,,,,133,7,1
2134,2,8,#CSO_Quest_Honor134_Name,,#CSO_Quest_Honor134_Desc,,0,,,<args><memberLimit value='1' testvalue='1'/></args>,,#CSO_Quest_Honor134_Cond1,,10000,,,,,,,,,,,,,,,,,,,,,,,,,,,,,,,,,,4,4006,,,,,,,134,3,
2135,2,8,#CSO_Quest_Honor135_Name,,#CSO_Quest_Honor135_Desc,,0,,,<args><memberLimit value='1' testvalue='1'/></args>,,#CSO_Quest_Honor135_Cond1,,10000,,,,,,,,,,,,,,,,,,,,,,,,,,,,,,,,,,4,4006,,,,,,,135,3,
2136,2,8,#CSO_Quest_Honor136_Name,,#CSO_Quest_Honor136_Desc,,0,,,<args><memberLimit value='1' testvalue='1'/></args>,,#CSO_Quest_Honor136_Cond1,,10000,,,,,,,,,,,,,,,,,,,,,,,,,,,,,,,,,,4,4006,,,,,,,136,3,
2137,2,8,#CSO_Quest_Honor137_Name,,#CSO_Quest_Honor137_Desc,,0,,,<args><memberLimit value='1' testvalue='1'/></args>,,#CSO_Quest_Honor137_Cond1,,10000,,,,,,,,,,,,,,,,,,,,,,,,,,,,,,,,,,4,4006,,,,,,,137,3,
2138,2,8,#CSO_Quest_Honor138_Name,,#CSO_Quest_Honor138_Desc,,0,,,<args><memberLimit value='1' testvalue='1'/></args>,,#CSO_Quest_Honor138_Cond1,,10000,,,,,,,,,,,,,,,,,,,,,,,,,,,,,,,,,,4,4006,,,,,,,138,3,
2139,2,8,#CSO_Quest_Honor139_Name,,#CSO_Quest_Honor139_Desc,,0,,,<args><memberLimit value='1' testvalue='1'/></args>,,#CSO_Quest_Honor139_Cond1,,10000,,,,,,,,,,,,,,,,,,,,,,,,,,,,,,,,,,4,4006,,,,,,,139,3,
2140,2,8,#CSO_Quest_Honor140_Name,,#CSO_Quest_Honor140_Desc,,0,,,<args><memberLimit value='1' testvalue='1'/></args>,,#CSO_Quest_Honor140_Cond1,,10000,,,,,,,,,,,,,,,,,,,,,,,,,,,,,,,,,,4,4006,,,,,,,140,3,
2141,2,8,#CSO_Quest_Honor141_Name,,#CSO_Quest_Honor141_Desc,,0,,,<args><memberLimit value='1' testvalue='1'/></args>,,#CSO_Quest_Honor141_Cond1,,10000,,,,,,,,,,,,,,,,,,,,,,,,,,,,,,,,,,4,4006,,,,,,,141,3,
2142,2,8,#CSO_Quest_Honor142_Name,,#CSO_Quest_Honor142_Desc,,0,,,<args><memberLimit value='1' testvalue='1'/></args>,,#CSO_Quest_Honor142_Cond1,,10000,,,,,,,,,,,,,,,,,,,,,,,,,,,,,,,,,,4,4006,,,,,,,142,3,
2143,2,8,#CSO_Quest_Honor143_Name,,#CSO_Quest_Honor143_Desc,,0,,,<args><memberLimit value='1' testvalue='1'/></args>,,#CSO_Quest_Honor143_Cond1,,10000,,,,,,,,,,,,,,,,,,,,,,,,,,,,,,,,,,4,4006,,,,,,,143,3,
2144,2,8,#CSO_Quest_Honor144_Name,,#CSO_Quest_Honor144_Desc,,0,,,<args><memberLimit value='1' testvalue='1'/></args>,,#CSO_Quest_Honor144_Cond1,,10000,,,,,,,,,,,,,,,,,,,,,,,,,,,,,,,,,,4,4006,,,,,,,144,3,
2145,2,8,#CSO_Quest_Honor145_Name,,#CSO_Quest_Honor145_Desc,,0,,,<args><memberLimit value='1' testvalue='1'/></args>,,#CSO_Quest_Honor145_Cond1,,10000,,,,,,,,,,,,,,,,,,,,,,,,,,,,,,,,,,4,4006,,,,,,,145,3,
2146,2,8,#CSO_Quest_Honor146_Name,,#CSO_Quest_Honor146_Desc,,0,,,<args><memberLimit value='1' testvalue='1'/></args>,,#CSO_Quest_Honor146_Cond1,,10000,,,,,,,,,,,,,,,,,,,,,,,,,,,,,,,,,,4,4006,,,,,,,146,3,
2147,2,8,#CSO_Quest_Honor147_Name,,#CSO_Quest_Honor147_Desc,,0,,,<args><memberLimit value='1' testvalue='1'/></args>,,#CSO_Quest_Honor147_Cond1,,10000,,,,,,,,,,,,,,,,,,,,,,,,,,,,,,,,,,4,4006,,,,,,,147,3,
2148,2,4,#CSO_Quest_Honor148_Name,,#CSO_Quest_Honor148_Desc,,0,,,<args><recommendLimit value='1000' testvalue='1'/></args>,,#CSO_Quest_Honor148_Cond1,,2,,,,,,,,,,,,,,,,,,,,,,,,,,,,,,,,,,,,,,,,,,148,7,
2149,2,4,#CSO_Quest_Honor149_Name,,#CSO_Quest_Honor149_Desc,,0,,,<args><memberLimit value='1' testvalue='1'/></args>,,#CSO_Quest_Honor149_Cond1,,1,,,,,,,,,,,,,,,,,,,,,,,,,,,,,,,,,,,,,,,,,,149,7,1
2150,2,4,#CSO_Quest_Honor150_Name,,#CSO_Quest_Honor150_Desc,,0,,,<args><memberLimit value='1' testvalue='1'/></args>,,#CSO_Quest_Honor150_Cond1,,1,,,,,,,,,,,,,,,,,,,,,,,,,,,,,,,,,,,,,,,,,,150,7,1
2151,2,8,#CSO_Quest_Honor151_Name,,#CSO_Quest_Honor151_Desc,,0,,,<args><memberLimit value='1' testvalue='1'/></args>,,#CSO_Quest_Honor151_Cond1,,10000,,,,,,,,,,,,,,,,,,,,,,,,,,,,,,,,,,4,4006,,,,,,,151,3,
2152,2,8,#CSO_Quest_Honor152_Name,,#CSO_Quest_Honor152_Desc,,0,,,<args><memberLimit value='1' testvalue='1'/></args>,,#CSO_Quest_Honor152_Cond1,,10000,,,,,,,,,,,,,,,,,,,,,,,,,,,,,,,,,,4,4006,,,,,,,152,3,
2153,2,5,#CSO_Quest_Honor153_Name,,#CSO_Quest_Honor153_Desc,,0,,,<args><memberLimit value='1' testvalue='1'/></args>,,#CSO_Quest_Honor153_Cond1,,1,,,,,,,,,,,,,,,,,,,,,,,,,,,,,,,,,,4,4006,,,,,,,153,7,
2154,2,4,#CSO_Quest_Honor154_Name,,#CSO_Quest_Honor154_Desc,,0,,,<args><memberLimit value='4' testvalue='1'/></args>,,#CSO_Quest_Honor154_Cond1,,100,,,,,,,,,,,,,,,,,,,,,,,,,,,,,,,,,,4,4006,,,,,,,154,1,
2155,2,4,#CSO_Quest_Honor155_Name,,#CSO_Quest_Honor155_Desc,,0,,,<args><memberLimit value='4' testvalue='1'/></args>,,#CSO_Quest_Honor155_Cond1,,100,,,,,,,,,,,,,,,,,,,,,,,,,,,,,,,,,,4,4006,,,,,,,155,1,
2156,2,4,#CSO_Quest_Honor156_Name,,#CSO_Quest_Honor156_Desc,,0,,,<args><memberLimit value='4' testvalue='1'/></args>,,#CSO_Quest_Honor156_Cond1,,100,,,,,,,,,,,,,,,,,,,,,,,,,,,,,,,,,,4,4006,,,,,,,156,1,
2157,2,4,#CSO_Quest_Honor157_Name,,#CSO_Quest_Honor157_Desc,,0,,,<args><memberLimit value='4' testvalue='1'/></args>,,#CSO_Quest_Honor157_Cond1,,100,,,,,,,,,,,,,,,,,,,,,,,,,,,,,,,,,,4,4006,,,,,,,157,1,
2158,2,4,#CSO_Quest_Honor158_Name,,#CSO_Quest_Honor158_Desc,,0,,,<args><memberLimit value='4' testvalue='1'/></args>,,#CSO_Quest_Honor158_Cond1,,100,,,,,,,,,,,,,,,,,,,,,,,,,,,,,,,,,,4,4006,,,,,,,158,1,
2159,2,4,#CSO_Quest_Honor159_Name,,#CSO_Quest_Honor159_Desc,,0,,,<args><memberLimit value='1' testvalue='1'/></args>,,#CSO_Quest_Honor159_Cond1,,1,,,,,,,,,,,,,,,,,,,,,,,,,,,,,,,,,,,,,,,,,,159,7,1
2160,2,4,#CSO_Quest_Honor160_Name,,#CSO_Quest_Honor160_Desc,,0,,,<args><memberLimit value='1' testvalue='1'/></args>,,#CSO_Quest_Honor160_Cond1,,1,,,,,,,,,,,,,,,,,,,,,,,,,,,,,,,,,,,,,,,,,,160,7,1
2161,2,4,#CSO_Quest_Honor161_Name,,#CSO_Quest_Honor161_Desc,,0,,,<args><recommendLimit value='1000' testvalue='1'/></args>,,#CSO_Quest_Honor161_Cond1,,1,,,,,,,,,,,,,,,,,,,,,,,,,,,,,,,,,,,,,,,,,,161,7,
2162,2,8,#CSO_Quest_Honor162_Name,,#CSO_Quest_Honor162_Desc,,0,,,<args><memberLimit value='1' testvalue='1'/></args>,,#CSO_Quest_Honor162_Cond1,,10000,,,,,,,,,,,,,,,,,,,,,,,,,,,,,,,,,,4,4006,,,,,,,162,3,
2163,2,4,#CSO_Quest_Honor163_Name,,#CSO_Quest_Honor163_Desc,,0,,,<args><recommendLimit value='1' testvalue='1'/></args>,,#CSO_Quest_Honor163_Cond1,,1,,,,,,,,,,,,,,,,,,,,,,,,,,,,,,,,,,,,,,,,,,163,7,
2164,2,4,#CSO_Quest_Honor164_Name,,#CSO_Quest_Honor164_Desc,,0,,,<args><memberLimit value='1' testvalue='1'/><itemCollect value='809|943|948'/></args>,,#CSO_Quest_Honor164_Cond1,,1,#CSO_Quest_Honor164_Cond2,,1,#CSO_Quest_Honor164_Cond3,,1,,,,,,,,,,,,,,,,,,,,,,,,,,,,4,4006,,,,,,,164,6,
2165,2,4,#CSO_Quest_Honor165_Name,,#CSO_Quest_Honor165_Desc,,0,,,<args><memberLimit value='1' testvalue='1'/><itemCollect value='810|944|949'/></args>,,#CSO_Quest_Honor165_Cond1,,1,#CSO_Quest_Honor165_Cond2,,1,#CSO_Quest_Honor165_Cond3,,1,,,,,,,,,,,,,,,,,,,,,,,,,,,,4,4006,,,,,,,165,6,
2166,2,4,#CSO_Quest_Honor166_Name,,#CSO_Quest_Honor166_Desc,,0,,,<args><memberLimit value='1' testvalue='1'/><itemCollect value='877|8085|8090'/></args>,,#CSO_Quest_Honor166_Cond1,,1,#CSO_Quest_Honor166_Cond2,,1,#CSO_Quest_Honor166_Cond3,,1,,,,,,,,,,,,,,,,,,,,,,,,,,,,4,4006,,,,,,,166,6,
2167,2,4,#CSO_Quest_Honor167_Name,,#CSO_Quest_Honor167_Desc,,0,,,<args><memberLimit value='1' testvalue='1'/><itemCollect value='891|8084|8089'/></args>,,#CSO_Quest_Honor167_Cond1,,1,#CSO_Quest_Honor167_Cond2,,1,#CSO_Quest_Honor167_Cond3,,1,,,,,,,,,,,,,,,,,,,,,,,,,,,,4,4006,,,,,,,167,6,
2168,2,4,#CSO_Quest_Honor168_Name,,#CSO_Quest_Honor168_Desc,,0,,,<args><memberLimit value='1' testvalue='1'/><itemCollect value='8117|8167|8168'/></args>,,#CSO_Quest_Honor168_Cond1,,1,#CSO_Quest_Honor168_Cond2,,1,#CSO_Quest_Honor168_Cond3,,1,,,,,,,,,,,,,,,,,,,,,,,,,,,,4,4006,,,,,,,168,6,
2169,2,4,#CSO_Quest_Honor169_Name,,#CSO_Quest_Honor169_Desc,,0,,,<args><memberLimit value='1' testvalue='1'/><itemCollect value='943|944|8084|8085|8167'/></args>,,#CSO_Quest_Honor169_Cond1,,1,#CSO_Quest_Honor169_Cond2,,1,#CSO_Quest_Honor169_Cond3,,1,#CSO_Quest_Honor169_Cond4,,1,#CSO_Quest_Honor169_Cond5,,1,,,,,,,,,,,,,,,,,,,,,,4,4008,,,,,,,169,6,
2170,2,4,#CSO_Quest_Honor170_Name,,#CSO_Quest_Honor170_Desc,,0,,,<args><memberLimit value='1' testvalue='1'/></args>,,#CSO_Quest_Honor170_Cond1,,1,,,,,,,,,,,,,,,,,,,,,,,,,,,,,,,,,,,,,,,,,,170,7,1
2171,2,4,#CSO_Quest_Honor171_Name,,#CSO_Quest_Honor171_Desc,,0,,,<args><memberLimit value='1' testvalue='1'/></args>,,#CSO_Quest_Honor171_Cond1,,1,,,,,,,,,,,,,,,,,,,,,,,,,,,,,,,,,,,,,,,,,,171,7,1
